user_id,username,email,phone,contact_address
1,Enrique Hudleston,ehudleston0@kickstarter.com,290-921-1496,094 Lawn Trail
2,Haskel de Courcey,hde1@toplist.cz,310-697-4236,2 Arrowood Plaza
3,Ermengarde Rich,erich2@youtu.be,379-236-1995,402 Fairview Lane
4,Eilis Hensmans,ehensmans3@webnode.com,939-427-1603,0773 Huxley Terrace
5,Boot Pierton,bpierton4@yandex.ru,522-735-3879,86196 Orin Avenue
6,Beatrisa Cleveland,bcleveland5@usnews.com,999-135-8278,85 Northport Park
7,Emelita Drance,edrance6@opera.com,360-278-2596,4766 Morrow Road
8,Keri Mitton,kmitton7@51.la,467-674-5975,85 Sheridan Street
9,Arabel Domengue,adomengue8@google.com.au,621-527-0650,171 Saint Paul Point
10,Debbie Sexti,dsexti9@canalblog.com,182-728-5026,67 Forest Run Pass
11,Dorise Priestnall,dpriestnalla@tripadvisor.com,984-439-6654,47 Lawn Center
12,Modestia Widdup,mwiddupb@devhub.com,203-722-0607,0 Troy Trail
13,Sharlene Pinnell,spinnellc@mapy.cz,979-217-2947,919 Sutherland Place
14,Marcello Honeyghan,mhoneyghand@apache.org,266-755-1627,11434 Kim Circle
15,Kelly Spowart,kspowarte@amazon.co.jp,457-633-4204,677 Charing Cross Road
16,Carlina Coates,ccoatesf@phpbb.com,632-191-0351,34 Brickson Park Court
17,Edyth Andrassy,eandrassyg@apple.com,592-472-1394,9 Continental Street
18,Gawain Cuthbert,gcuthberth@arizona.edu,203-548-1815,7 Magdeline Junction
19,Angie Eriksson,aerikssoni@pinterest.com,383-902-8984,72916 Lillian Circle
20,Terencio Burgoin,tburgoinj@tiny.cc,493-732-8774,25300 Russell Center
21,Debee Mc Cahey,dmck@tinyurl.com,837-781-0382,69 Express Crossing
22,Gretal Faers,gfaersl@cisco.com,236-276-9610,877 Monterey Avenue
23,Cymbre Readwing,creadwingm@amazon.com,987-878-9535,06 Weeping Birch Terrace
24,Moll Dorsett,mdorsettn@buzzfeed.com,651-237-0261,693 Morning Place
25,Wynny Bonnell,wbonnello@wikispaces.com,252-741-6628,4 Artisan Court
26,Dominic Blaze,dblazep@paypal.com,333-807-6536,22 Fisk Center
27,Analise Van der Daal,avanq@livejournal.com,374-139-9376,02 Bellgrove Road
28,L;urette Aldin,laldinr@nature.com,798-890-3741,40796 Quincy Place
29,Beryle Purle,bpurles@theatlantic.com,497-494-5223,43 Dahle Place
30,Conan Jumel,cjumelt@amazon.com,213-127-3332,0 Gulseth Street
31,Nessie Cowlas,ncowlasu@comsenz.com,180-400-8167,2931 Comanche Crossing
32,Frayda Wetter,fwetterv@e-recht24.de,971-556-5463,2 East Avenue
33,Adela Berrey,aberreyw@dedecms.com,648-582-9492,2761 Granby Place
34,Eugenia Grandin,egrandinx@psu.edu,740-435-3405,13280 Fair Oaks Center
35,Arleyne Shemwell,ashemwelly@linkedin.com,743-144-5087,71119 Delladonna Hill
36,Christina Matzaitis,cmatzaitisz@boston.com,685-538-2239,6699 Hooker Street
37,Hayes Birkbeck,hbirkbeck10@cisco.com,816-826-5752,476 Manitowish Circle
38,Milena Batecok,mbatecok11@apache.org,799-587-1185,68 Northwestern Court
39,Seymour Cosely,scosely12@lulu.com,727-738-8689,25712 Erie Way
40,Myrta Buckney,mbuckney13@sfgate.com,235-185-0881,85717 Crownhardt Court
41,Horst Clink,hclink14@technorati.com,649-510-2591,1812 Cody Crossing
42,Ashli Terrans,aterrans15@thetimes.co.uk,183-847-8543,08 Blaine Point
43,Leontine Duddle,lduddle16@last.fm,623-979-6270,757 Jana Road
44,Elisa Pitney,epitney17@state.tx.us,647-912-5914,04 Pankratz Alley
45,Bellina Antham,bantham18@economist.com,556-897-4807,429 Independence Road
46,Fletcher Leithgoe,fleithgoe19@mit.edu,763-517-7314,8632 Clove Trail
47,Carley Zecchii,czecchii1a@shinystat.com,648-293-3385,3 Artisan Place
48,Emelyne Christou,echristou1b@uol.com.br,833-902-2836,39062 Bashford Hill
49,Ariadne Ties,aties1c@smugmug.com,869-232-4257,54613 Almo Point
50,Gwennie Jonah,gjonah1d@yolasite.com,259-336-9417,68303 Sullivan Point
51,Benyamin Gislebert,bgislebert1e@youku.com,347-264-4267,9 Troy Point
52,Maridel Brownbill,mbrownbill1f@usgs.gov,790-501-5276,905 Becker Terrace
53,Ellary Dregan,edregan1g@wunderground.com,700-587-5737,4 American Hill
54,Timofei Neighbour,tneighbour1h@delicious.com,815-809-5746,0 Columbus Park
55,Alejandra Hatfield,ahatfield1i@wired.com,848-904-5163,81 Thackeray Plaza
56,Betta Cavanagh,bcavanagh1j@yellowpages.com,893-424-4228,5 Holy Cross Parkway
57,Marley Naulty,mnaulty1k@princeton.edu,795-839-0860,73814 Bunting Trail
58,Haven Alentyev,halentyev1l@ifeng.com,571-748-1822,10265 Thierer Avenue
59,Ev Hazeup,ehazeup1m@cnn.com,791-803-1424,4003 Buell Plaza
60,Odelia Mariner,omariner1n@squidoo.com,488-538-3686,82981 Pierstorff Pass
61,Carrol Dalgetty,cdalgetty1o@wikimedia.org,224-368-7761,4390 Lotheville Road
62,Reidar Olech,rolech1p@hp.com,846-929-5939,052 Arkansas Center
63,Janette Tasseler,jtasseler1q@typepad.com,687-585-9916,47 Monument Parkway
64,Aron Ringe,aringe1r@guardian.co.uk,553-827-6349,09 Knutson Pass
65,Nonie Bradder,nbradder1s@fema.gov,826-988-4881,1 Memorial Road
66,Bobbye Le Cornu,ble1t@lycos.com,729-504-7980,4175 Mayer Avenue
67,Bethany Olenikov,bolenikov1u@digg.com,598-465-7150,163 Roth Road
68,Camala Stallon,cstallon1v@apple.com,971-355-3108,3293 Bluestem Pass
69,Lacee Knoller,lknoller1w@cyberchimps.com,386-736-7940,740 Golf Lane
70,Sylvia Michallat,smichallat1x@cyberchimps.com,852-212-4807,40329 Spenser Trail
71,Ernesta Marcombe,emarcombe1y@loc.gov,885-300-0280,9 Green Ridge Trail
72,Ruby Matejic,rmatejic1z@skyrock.com,763-544-0680,9 Onsgard Way
73,Maribeth Paice,mpaice20@webeden.co.uk,324-747-0110,015 Morning Road
74,Chuck Atty,catty21@aboutads.info,309-695-7823,3 Green Lane
75,Moses Pawson,mpawson22@cbc.ca,432-975-2240,810 Anderson Terrace
76,Ophelie Nield,onield23@uiuc.edu,652-134-2250,62628 Westerfield Pass
77,Sheffie Franzini,sfranzini24@mail.ru,680-331-1526,211 Lawn Drive
78,Sayre Orknay,sorknay25@state.gov,403-991-6657,32 Drewry Point
79,Amara Rushbrook,arushbrook26@google.it,152-652-4580,4080 Bartelt Parkway
80,Mufi Tindall,mtindall27@a8.net,120-601-4346,867 Carpenter Parkway
81,Austina Wyllcocks,awyllcocks28@icq.com,936-359-4383,67588 Luster Plaza
82,Everard Leet,eleet29@wikia.com,658-181-8233,6 Delladonna Drive
83,Giordano Everingham,geveringham2a@smugmug.com,907-331-6524,74404 Harper Drive
84,George Tofanelli,gtofanelli2b@free.fr,393-176-5642,2 Londonderry Pass
85,Harriott Hryskiewicz,hhryskiewicz2c@senate.gov,229-997-4886,1106 Towne Road
86,Field Davidovitch,fdavidovitch2d@harvard.edu,989-336-1212,6052 Corscot Way
87,Martha Maurice,mmaurice2e@list-manage.com,583-486-0496,7312 Monica Drive
88,Merle Crispin,mcrispin2f@tinyurl.com,278-978-8746,9091 Vahlen Trail
89,Bruis Rickwood,brickwood2g@thetimes.co.uk,456-328-7688,1 Eggendart Lane
90,Dode Cowdroy,dcowdroy2h@mapy.cz,245-563-5891,81 Blue Bill Park Plaza
91,Evey Rishman,erishman2i@illinois.edu,157-322-8230,82277 Moose Center
92,Pedro Miko,pmiko2j@sakura.ne.jp,543-560-5194,04 Russell Avenue
93,Dietrich Catherick,dcatherick2k@apple.com,622-576-8797,34721 Vera Hill
94,Byrann Creany,bcreany2l@wisc.edu,847-765-5154,1 Stoughton Drive
95,Ailene Libbey,alibbey2m@sogou.com,610-493-5927,29 Moulton Trail
96,Dulcy Berrycloth,dberrycloth2n@pinterest.com,688-553-4381,5067 Green Ridge Parkway
97,Milicent Gerge,mgerge2o@shinystat.com,500-810-7840,21368 Harbort Pass
98,Obadiah Lumox,olumox2p@icq.com,119-579-5679,55030 Northport Avenue
99,Nicolle Fass,nfass2q@zdnet.com,971-239-6611,94 Grayhawk Alley
100,Sherlocke Wardel,swardel2r@washington.edu,973-491-3551,8 Eastlawn Lane
